{
    "code": 200,
    "image_shape": [
        720,
        1280,
        3
    ],
    "recognition_time": 0.40929079055786133,
    "request_time": 0.43520474433898926,
    "words": [
        {
            "boundingBox": [
                [
                    0.01875,
                    0.030555550257364908
                ],
                [
                    0.1499999761581421,
                    0.030555555555555555
                ],
                [
                    0.1499999761581421,
                    0.10277775658501519
                ],
                [
                    0.01875,
                    0.10277775658501519
                ]
            ],
            "confidence": 0.9891949892044067,
            "group": 0,
            "isVertical": false,
            "lineBreak": true,
            "lineGroup": 0,
            "segments": [
                {
                    "boundingBox": [
                        [
                            0.01875,
                            0.030555550257364908
                        ],
                        [
                            0.1499999761581421,
                            0.030555555555555555
                        ],
                        [
                            0.1499999761581421,
                            0.10277775658501519
                        ],
                        [
                            0.01875,
                            0.10277775658501519
                        ]
                    ],
                    "text": [
                        "위크맨",
                        0.9891949892044067
                    ]
                }
            ],
            "subGroup": 0,
            "text": "위크맨"
        },
        {
            "boundingBox": [
                [
                    0.4359375,
                    0.2111111111111111
                ],
                [
                    0.66875,
                    0.2111111111111111
                ],
                [
                    0.66875,
                    0.35555555555555557
                ],
                [
                    0.4359375,
                    0.35555555555555557
                ]
            ],
            "confidence": 0.9997193217277527,
            "group": 0,
            "isVertical": false,
            "lineBreak": true,
            "lineGroup": 1,
            "segments": [
                {
                    "boundingBox": [
                        [
                            0.4359375,
                            0.2111111111111111
                        ],
                        [
                            0.66875,
                            0.2111111111111111
                        ],
                        [
                            0.66875,
                            0.35555555555555557
                        ],
                        [
                            0.4359375,
                            0.35555555555555557
                        ]
                    ],
                    "text": [
                        "(오픈북)",
                        0.9997193217277527
                    ]
                }
            ],
            "subGroup": 1,
            "text": "(오픈북)"
        },
        {
            "boundingBox": [
                [
                    0.290625,
                    0.8166666666666667
                ],
                [
                    0.38125,
                    0.8166666666666667
                ],
                [
                    0.38125,
                    0.8861111111111111
                ],
                [
                    0.290625,
                    0.8861111111111111
                ]
            ],
            "confidence": 0.9998098611831665,
            "group": 0,
            "isVertical": false,
            "lineBreak": false,
            "lineGroup": 2,
            "segments": [
                {
                    "boundingBox": [
                        [
                            0.290625,
                            0.8166666666666667
                        ],
                        [
                            0.38125,
                            0.8166666666666667
                        ],
                        [
                            0.38125,
                            0.8861111111111111
                        ],
                        [
                            0.290625,
                            0.8861111111111111
                        ]
                    ],
                    "text": [
                        "메뉴판",
                        0.9998098611831665
                    ]
                }
            ],
            "subGroup": 2,
            "text": "메뉴판"
        },
        {
            "boundingBox": [
                [
                    0.3828125,
                    0.8166666666666667
                ],
                [
                    0.4515625,
                    0.8166666666666667
                ],
                [
                    0.4515625,
                    0.8833333333333333
                ],
                [
                    0.3828125,
                    0.8833333333333333
                ]
            ],
            "confidence": 0.9844130873680115,
            "group": 0,
            "isVertical": false,
            "lineBreak": false,
            "lineGroup": 2,
            "segments": [
                {
                    "boundingBox": [
                        [
                            0.3828125,
                            0.8166666666666667
                        ],
                        [
                            0.4515625,
                            0.8166666666666667
                        ],
                        [
                            0.4515625,
                            0.8833333333333333
                        ],
                        [
                            0.3828125,
                            0.8833333333333333
                        ]
                    ],
                    "text": [
                        "한 번",
                        0.9844130873680115
                    ]
                }
            ],
            "subGroup": 2,
            "text": "한 번"
        },
        {
            "boundingBox": [
                [
                    0.4546875,
                    0.8166666666666667
                ],
                [
                    0.6015625,
                    0.8166666666666667
                ],
                [
                    0.6015625,
                    0.8861111111111111
                ],
                [
                    0.4546875,
                    0.8861111111111111
                ]
            ],
            "confidence": 0.9998604655265808,
            "group": 0,
            "isVertical": false,
            "lineBreak": false,
            "lineGroup": 2,
            "segments": [
                {
                    "boundingBox": [
                        [
                            0.4546875,
                            0.8166666666666667
                        ],
                        [
                            0.6015625,
                            0.8166666666666667
                        ],
                        [
                            0.6015625,
                            0.8861111111111111
                        ],
                        [
                            0.4546875,
                            0.8861111111111111
                        ]
                    ],
                    "text": [
                        "찾아보세요",
                        0.9998604655265808
                    ]
                }
            ],
            "subGroup": 2,