{
    "code": 200,
    "image_shape": [
        720,
        1280,
        3
    ],
    "recognition_time": 0.41559934616088867,
    "request_time": 0.43390607833862305,
    "words": [
        {
            "boundingBox": [
                [
                    0.8923019409179688,
                    0.062059609095255534
                ],
                [
                    0.9479274749755859,
                    0.053460481431749134
                ],
                [
                    0.9497390747070312,
                    0.09049926333957248
                ],
                [
                    0.8941135406494141,
                    0.09909838570488824
                ]
            ],
            "confidence": 0.9771993160247803,
            "group": 0,
            "isVertical": false,
            "lineBreak": false,
            "lineGroup": 0,
            "segments": [
                {
                    "boundingBox": [
                        [
                            0.8923019409179688,
                            0.062059609095255534
                        ],
                        [
                            0.9479274749755859,
                            0.053460481431749134
                        ],
                        [
                            0.9497390747070312,
                            0.09049926333957248
                        ],
                        [
                            0.8941135406494141,
                            0.09909838570488824
                        ]
                    ],
                    "text": [
                        "LUIU",
                        0.9771993160247803
                    ]
                }
            ],
            "subGroup": 0,
            "text": "LUIU"
        },
        {
            "boundingBox": [
                [
                    0.8972707748413086,
                    0.10392432742648655
                ],
                [
                    0.9557281494140625,
                    0.09488743676079645
                ],
                [
                    0.9573932647705078,
                    0.1289295408460829
                ],
                [
                    0.8989358901977539,
                    0.137966431511773
                ]
            ],
            "confidence": 0.9942611455917358,
            "group": 0,
            "isVertical": false,
            "lineBreak": true,
            "lineGroup": 0,
            "segments": [
                {
                    "boundingBox": [
                        [
                            0.8972707748413086,
                            0.10392432742648655
                        ],
                        [
                            0.9557281494140625,
                            0.09488743676079645
                        ],
                        [
                            0.9573932647705078,
                            0.1289295408460829
                        ],
                        [
                            0.8989358901977539,
                            0.137966431511773
                        ]
                    ],
                    "text": [
                        "Lala",
                        0.9942611455917358
                    ]
                }
            ],
            "subGroup": 0,
            "text": "Lala"
        },
        {
            "boundingBox": [
                [
                    0.6382301807403564,
                    0.07997096379597982
                ],
                [
                    0.8137130737304688,
                    0.07621231079101562
                ],
                [
                    0.8147199630737305,
                    0.2247851053873698
                ],
                [
                    0.6392370700836182,
                    0.22854376898871528
                ]
            ],
            "confidence": 0.999905526638031,
            "group": 0,
            "isVertical": false,
            "lineBreak": true,
            "lineGroup": 1,
            "segments": [
                {
                    "boundingBox": [
                        [
                            0.6382301807403564,
                            0.07997096379597982
                        ],
                        [
                            0.8137130737304688,
                            0.07621231079101562
                        ],
                        [
                            0.8147199630737305,
                            0.2247851053873698
                        ],
                        [
                            0.6392370700836182,
                            0.22854376898871528
                        ]
                    ],
                    "text": [
                        "(궁금)",
                        0.999905526638031
                    ]
                }
            ],
            "subGroup": 0,
            "text": "(궁금)"
        },
        {
            "boundingBox": [
                [
                    0.95,
                    0.38333329094780816
                ],
                [
                    0.775,
                    0.38333329094780816
                ],
                [
                    0.775,
                    0.23611106872558593
                ],
                [
                    0.95,
                    0.23611106872558593
                ]
            ],
            "confidence": 0.8697213530540466,
            "group": 0,
            "isVertical": false,
            "lineBreak": true,
            "lineGroup": 2,
            "segments": [
                {
                    "boundingBox": [
                        [
                            0.95,
                            0.38333329094780816
                        ],
                        [
                            0.775,
                            0.38333329094780816
                        ],
                        [
                            0.775,
                            0.23611106872558593
                        ],
                        [
                            0.95,
                            0.23611106872558593
                        ]
                    ],
                    "text": [
                        "(믄온)",
                        0.8697213530540466
                    ]
                }
            ],
            "subGroup": 0,
            "text": "(믄온)"
        },
        {
            "boundingBox": [
                [
                    0.575,
                    0
                ],
                [
                    0.721875,
                    0
                ],
                [
                    0.721875,
                    0.06111111111111111
                ],
                [
                    0.575,
                    0.06111111111111111
                ]
            ],
            "confidence": 0.9978744387626648,
            "group": 0,
            "isVertical": false,
            "lineBreak": true,
            "lineGroup": 3,
            "segments": [
                {
                    "boundingBox": [
                        [
                            0.575,
                            0
                        ],
                        [
                            0.721875,
                            0
                        ],
                        [
                            0.721875,
                            0.06111111111111111
                        ],
                        [
                            0.575,
                            0.06111111111111111
                        ]
                    ],
                    "text": [
                        "perfection",
                        0.9978744387626648
                    ]
                }
            ],
            "subGroup": 0,